\datasets\animals\data_resized\Bear\0.jpg,0
\datasets\animals\data_resized\Bear\1.jpg,0
\datasets\animals\data_resized\Bear\2.jpg,0
\datasets\animals\data_resized\Bear\3.jpg,0
\datasets\animals\data_resized\Bear\4.jpg,0
\datasets\animals\data_resized\Bear\5.jpg,0
\datasets\animals\data_resized\Bear\6.jpg,0
\datasets\animals\data_resized\Bear\7.jpg,0
\datasets\animals\data_resized\Bear\8.jpg,0
\datasets\animals\data_resized\Bear\9.jpg,0
\datasets\animals\data_resized\Bear\10.jpg,0
\datasets\animals\data_resized\Bear\11.jpg,0
\datasets\animals\data_resized\Bear\12.jpg,0
\datasets\animals\data_resized\Bear\13.jpg,0
\datasets\animals\data_resized\Bear\14.jpg,0
\datasets\animals\data_resized\Bear\15.jpg,0
\datasets\animals\data_resized\Bear\16.jpg,0
\datasets\animals\data_resized\Bear\17.jpg,0
\datasets\animals\data_resized\Bear\18.jpg,0
\datasets\animals\data_resized\Bear\19.jpg,0
\datasets\animals\data_resized\Bear\20.jpg,0
\datasets\animals\data_resized\Bear\21.jpg,0
\datasets\animals\data_resized\Bear\22.jpg,0
\datasets\animals\data_resized\Bear\23.jpg,0
\datasets\animals\data_resized\Bear\24.jpg,0
\datasets\animals\data_resized\Bear\25.jpg,0
\datasets\animals\data_resized\Bear\26.jpg,0
\datasets\animals\data_resized\Bear\27.jpg,0
\datasets\animals\data_resized\Bear\28.jpg,0
\datasets\animals\data_resized\Bear\29.jpg,0
\datasets\animals\data_resized\Bear\30.jpg,0
\datasets\animals\data_resized\Bear\31.jpg,0
\datasets\animals\data_resized\Bear\32.jpg,0
\datasets\animals\data_resized\Bear\33.jpg,0
\datasets\animals\data_resized\Bear\34.jpg,0
\datasets\animals\data_resized\Bear\35.jpg,0
\datasets\animals\data_resized\Bear\36.jpg,0
\datasets\animals\data_resized\Bear\37.jpg,0
\datasets\animals\data_resized\Bear\38.jpg,0
\datasets\animals\data_resized\Bear\39.jpg,0
\datasets\animals\data_resized\Bear\40.jpg,0
\datasets\animals\data_resized\Bear\41.jpg,0
\datasets\animals\data_resized\Bear\42.jpg,0
\datasets\animals\data_resized\Bear\43.jpg,0
\datasets\animals\data_resized\Bear\44.jpg,0
\datasets\animals\data_resized\Bear\45.jpg,0
\datasets\animals\data_resized\Bear\46.jpg,0
\datasets\animals\data_resized\Bear\47.jpg,0
\datasets\animals\data_resized\Bear\48.jpg,0
\datasets\animals\data_resized\Bear\49.jpg,0
\datasets\animals\data_resized\Bear\50.jpg,0
\datasets\animals\data_resized\Bear\51.jpg,0
\datasets\animals\data_resized\Bear\52.jpg,0
\datasets\animals\data_resized\Bear\53.jpg,0
\datasets\animals\data_resized\Bear\54.jpg,0
\datasets\animals\data_resized\Bear\55.jpg,0
\datasets\animals\data_resized\Bear\56.jpg,0
\datasets\animals\data_resized\Bear\57.jpg,0
\datasets\animals\data_resized\Bear\58.jpg,0
\datasets\animals\data_resized\Bear\59.jpg,0
\datasets\animals\data_resized\Bear\60.jpg,0
\datasets\animals\data_resized\Bear\61.jpg,0
\datasets\animals\data_resized\Bear\62.jpg,0
\datasets\animals\data_resized\Bear\63.jpg,0
\datasets\animals\data_resized\Bear\64.jpg,0
\datasets\animals\data_resized\Bear\65.jpg,0
\datasets\animals\data_resized\Bear\66.jpg,0
\datasets\animals\data_resized\Bear\67.jpg,0
\datasets\animals\data_resized\Bear\68.jpg,0
\datasets\animals\data_resized\Bear\69.jpg,0
\datasets\animals\data_resized\Bear\70.jpg,0
\datasets\animals\data_resized\Bear\71.jpg,0
\datasets\animals\data_resized\Bear\72.jpg,0
\datasets\animals\data_resized\Bear\73.jpg,0
\datasets\animals\data_resized\Bear\74.jpg,0
\datasets\animals\data_resized\Bear\75.jpg,0
\datasets\animals\data_resized\Bear\76.jpg,0
\datasets\animals\data_resized\Bear\77.jpg,0
\datasets\animals\data_resized\Bear\78.jpg,0
\datasets\animals\data_resized\Bear\79.jpg,0
\datasets\animals\data_resized\Bear\80.jpg,0
\datasets\animals\data_resized\Bear\81.jpg,0
\datasets\animals\data_resized\Bear\82.jpg,0
\datasets\animals\data_resized\Bear\83.jpg,0
\datasets\animals\data_resized\Bear\84.jpg,0
\datasets\animals\data_resized\Bear\85.jpg,0
\datasets\animals\data_resized\Bear\86.jpg,0
\datasets\animals\data_resized\Bear\87.jpg,0
\datasets\animals\data_resized\Bear\88.jpg,0
\datasets\animals\data_resized\Bear\89.jpg,0
\datasets\animals\data_resized\Bear\90.jpg,0
\datasets\animals\data_resized\Bear\91.jpg,0
\datasets\animals\data_resized\Bear\92.jpg,0
\datasets\animals\data_resized\Bear\93.jpg,0
\datasets\animals\data_resized\Bear\94.jpg,0
\datasets\animals\data_resized\Bear\95.jpg,0
\datasets\animals\data_resized\Bear\96.jpg,0
\datasets\animals\data_resized\Bear\97.jpg,0
\datasets\animals\data_resized\Bear\98.jpg,0
\datasets\animals\data_resized\Bear\99.jpg,0
\datasets\animals\data_resized\Bear\100.jpg,0
\datasets\animals\data_resized\Bear\101.jpg,0
\datasets\animals\data_resized\Bear\102.jpg,0
\datasets\animals\data_resized\Bear\103.jpg,0
\datasets\animals\data_resized\Bear\104.jpg,0
\datasets\animals\data_resized\Bear\105.jpg,0
\datasets\animals\data_resized\Bear\106.jpg,0
\datasets\animals\data_resized\Bear\107.jpg,0
\datasets\animals\data_resized\Bear\108.jpg,0
\datasets\animals\data_resized\Bear\109.jpg,0
\datasets\animals\data_resized\Bear\110.jpg,0
\datasets\animals\data_resized\Bear\111.jpg,0
\datasets\animals\data_resized\Bear\112.jpg,0
\datasets\animals\data_resized\Bear\113.jpg,0
\datasets\animals\data_resized\Bear\114.jpg,0
\datasets\animals\data_resized\Bear\115.jpg,0
\datasets\animals\data_resized\Bear\116.jpg,0
\datasets\animals\data_resized\Bear\117.jpg,0
\datasets\animals\data_resized\Bear\118.jpg,0
\datasets\animals\data_resized\Bear\119.jpg,0
\datasets\animals\data_resized\Bear\120.jpg,0
\datasets\animals\data_resized\Bear\121.jpg,0
\datasets\animals\data_resized\Bear\122.jpg,0
\datasets\animals\data_resized\Bear\123.jpg,0
\datasets\animals\data_resized\Bear\124.jpg,0
\datasets\animals\data_resized\Bear\125.jpg,0
\datasets\animals\data_resized\Bear\126.jpg,0
\datasets\animals\data_resized\Bear\127.jpg,0
\datasets\animals\data_resized\Bear\128.jpg,0
\datasets\animals\data_resized\Bear\129.jpg,0
\datasets\animals\data_resized\Bear\130.jpg,0
\datasets\animals\data_resized\Bear\131.jpg,0
\datasets\animals\data_resized\Bear\132.jpg,0
\datasets\animals\data_resized\Bear\133.jpg,0
\datasets\animals\data_resized\Bear\134.jpg,0
\datasets\animals\data_resized\Bear\135.jpg,0
\datasets\animals\data_resized\Bear\136.jpg,0
\datasets\animals\data_resized\Bear\137.jpg,0
\datasets\animals\data_resized\Bear\138.jpg,0
\datasets\animals\data_resized\Bear\139.jpg,0
\datasets\animals\data_resized\Bear\140.jpg,0
\datasets\animals\data_resized\Bear\141.jpg,0
\datasets\animals\data_resized\Bear\142.jpg,0
\datasets\animals\data_resized\Bear\143.jpg,0
\datasets\animals\data_resized\Bear\144.jpg,0
\datasets\animals\data_resized\Bear\145.jpg,0
\datasets\animals\data_resized\Bear\146.jpg,0
\datasets\animals\data_resized\Bear\147.jpg,0
\datasets\animals\data_resized\Bear\148.jpg,0
\datasets\animals\data_resized\Bear\149.jpg,0
\datasets\animals\data_resized\Bear\150.jpg,0
\datasets\animals\data_resized\Bear\151.jpg,0
\datasets\animals\data_resized\Bear\152.jpg,0
\datasets\animals\data_resized\Bear\153.jpg,0
\datasets\animals\data_resized\Bear\154.jpg,0
\datasets\animals\data_resized\Bear\155.jpg,0
\datasets\animals\data_resized\Bear\156.jpg,0
\datasets\animals\data_resized\Bear\157.jpg,0
\datasets\animals\data_resized\Bear\158.jpg,0
\datasets\animals\data_resized\Bear\159.jpg,0
\datasets\animals\data_resized\Bear\160.jpg,0
\datasets\animals\data_resized\Bear\161.jpg,0
\datasets\animals\data_resized\Bear\162.jpg,0
\datasets\animals\data_resized\Bear\163.jpg,0
\datasets\animals\data_resized\Bear\164.jpg,0
\datasets\animals\data_resized\Bear\165.jpg,0
\datasets\animals\data_resized\Bear\166.jpg,0
\datasets\animals\data_resized\Bear\167.jpg,0
\datasets\animals\data_resized\Bear\168.jpg,0
\datasets\animals\data_resized\Bear\169.jpg,0
\datasets\animals\data_resized\Bear\170.jpg,0
\datasets\animals\data_resized\Bear\171.jpg,0
\datasets\animals\data_resized\Bear\172.jpg,0
\datasets\animals\data_resized\Bear\173.jpg,0
\datasets\animals\data_resized\Bear\174.jpg,0
\datasets\animals\data_resized\Bear\175.jpg,0
\datasets\animals\data_resized\Bear\176.jpg,0
\datasets\animals\data_resized\Bear\177.jpg,0
\datasets\animals\data_resized\Bear\178.jpg,0
\datasets\animals\data_resized\Bear\179.jpg,0
\datasets\animals\data_resized\Bear\180.jpg,0
\datasets\animals\data_resized\Bear\181.jpg,0
\datasets\animals\data_resized\Bear\182.jpg,0
\datasets\animals\data_resized\Bear\183.jpg,0
\datasets\animals\data_resized\Bear\184.jpg,0
\datasets\animals\data_resized\Bear\185.jpg,0
\datasets\animals\data_resized\Bear\186.jpg,0
\datasets\animals\data_resized\Bear\187.jpg,0
\datasets\animals\data_resized\Bear\188.jpg,0
\datasets\animals\data_resized\Bear\189.jpg,0
\datasets\animals\data_resized\Bear\190.jpg,0
\datasets\animals\data_resized\Bear\191.jpg,0
\datasets\animals\data_resized\Bear\192.jpg,0
\datasets\animals\data_resized\Bear\193.jpg,0
\datasets\animals\data_resized\Bear\194.jpg,0
\datasets\animals\data_resized\Bear\195.jpg,0
\datasets\animals\data_resized\Bear\196.jpg,0
\datasets\animals\data_resized\Bear\197.jpg,0
\datasets\animals\data_resized\Bear\198.jpg,0
\datasets\animals\data_resized\Bear\199.jpg,0
\datasets\animals\data_resized\Bear\200.jpg,0
\datasets\animals\data_resized\Bear\201.jpg,0
\datasets\animals\data_resized\Bear\202.jpg,0
\datasets\animals\data_resized\Bear\203.jpg,0
\datasets\animals\data_resized\Bear\204.jpg,0
\datasets\animals\data_resized\Bear\205.jpg,0
\datasets\animals\data_resized\Bear\206.jpg,0
\datasets\animals\data_resized\Bear\207.jpg,0
\datasets\animals\data_resized\Bear\208.jpg,0
\datasets\animals\data_resized\Bear\209.jpg,0
\datasets\animals\data_resized\Bear\210.jpg,0
\datasets\animals\data_resized\Bear\211.jpg,0
\datasets\animals\data_resized\Bear\212.jpg,0
\datasets\animals\data_resized\Bear\213.jpg,0
\datasets\animals\data_resized\Bear\214.jpg,0
\datasets\animals\data_resized\Bear\215.jpg,0
\datasets\animals\data_resized\Bear\216.jpg,0
\datasets\animals\data_resized\Bear\217.jpg,0
\datasets\animals\data_resized\Bear\218.jpg,0
\datasets\animals\data_resized\Bear\219.jpg,0
\datasets\animals\data_resized\Bear\220.jpg,0
\datasets\animals\data_resized\Bear\221.jpg,0
\datasets\animals\data_resized\Bear\222.jpg,0
\datasets\animals\data_resized\Bear\223.jpg,0
\datasets\animals\data_resized\Bear\224.jpg,0
\datasets\animals\data_resized\Bear\225.jpg,0
\datasets\animals\data_resized\Bear\226.jpg,0
\datasets\animals\data_resized\Bear\227.jpg,0
\datasets\animals\data_resized\Bear\228.jpg,0
\datasets\animals\data_resized\Bear\229.jpg,0
\datasets\animals\data_resized\Bear\230.jpg,0
\datasets\animals\data_resized\Bear\231.jpg,0
\datasets\animals\data_resized\Bear\232.jpg,0
\datasets\animals\data_resized\Bear\233.jpg,0
\datasets\animals\data_resized\Bear\234.jpg,0
\datasets\animals\data_resized\Bear\235.jpg,0
\datasets\animals\data_resized\Bear\236.jpg,0
\datasets\animals\data_resized\Bear\237.jpg,0
\datasets\animals\data_resized\Bear\238.jpg,0
\datasets\animals\data_resized\Bear\239.jpg,0
\datasets\animals\data_resized\Bear\240.jpg,0
\datasets\animals\data_resized\Bear\241.jpg,0
\datasets\animals\data_resized\Bear\242.jpg,0
\datasets\animals\data_resized\Bear\243.jpg,0
\datasets\animals\data_resized\Bear\244.jpg,0
\datasets\animals\data_resized\Bear\245.jpg,0
\datasets\animals\data_resized\Bear\246.jpg,0
\datasets\animals\data_resized\Bear\247.jpg,0
\datasets\animals\data_resized\Bear\248.jpg,0
\datasets\animals\data_resized\Bear\249.jpg,0
\datasets\animals\data_resized\Bear\250.jpg,0
\datasets\animals\data_resized\Bear\251.jpg,0
\datasets\animals\data_resized\Bear\252.jpg,0
\datasets\animals\data_resized\Bear\253.jpg,0
\datasets\animals\data_resized\Bear\254.jpg,0
\datasets\animals\data_resized\Bear\255.jpg,0
\datasets\animals\data_resized\Bear\256.jpg,0
\datasets\animals\data_resized\Bear\257.jpg,0
\datasets\animals\data_resized\Bear\258.jpg,0
\datasets\animals\data_resized\Bear\259.jpg,0
\datasets\animals\data_resized\Bear\260.jpg,0
\datasets\animals\data_resized\Bear\261.jpg,0
\datasets\animals\data_resized\Bear\262.jpg,0
\datasets\animals\data_resized\Bear\263.jpg,0
\datasets\animals\data_resized\Bear\264.jpg,0
\datasets\animals\data_resized\Bear\265.jpg,0
\datasets\animals\data_resized\Bear\266.jpg,0
\datasets\animals\data_resized\Bear\267.jpg,0
\datasets\animals\data_resized\Bear\268.jpg,0
\datasets\animals\data_resized\Bear\269.jpg,0
\datasets\animals\data_resized\Bear\270.jpg,0
\datasets\animals\data_resized\Bear\271.jpg,0
\datasets\animals\data_resized\Bear\272.jpg,0
\datasets\animals\data_resized\Bear\273.jpg,0
\datasets\animals\data_resized\Bear\274.jpg,0
\datasets\animals\data_resized\Bear\275.jpg,0
\datasets\animals\data_resized\Bear\276.jpg,0
\datasets\animals\data_resized\Bear\277.jpg,0
\datasets\animals\data_resized\Bear\278.jpg,0
\datasets\animals\data_resized\Bear\279.jpg,0
\datasets\animals\data_resized\Bear\280.jpg,0
\datasets\animals\data_resized\Bear\281.jpg,0
\datasets\animals\data_resized\Bear\282.jpg,0
\datasets\animals\data_resized\Bear\283.jpg,0
\datasets\animals\data_resized\Bear\284.jpg,0
\datasets\animals\data_resized\Bear\285.jpg,0
\datasets\animals\data_resized\Bear\286.jpg,0
\datasets\animals\data_resized\Bear\287.jpg,0
\datasets\animals\data_resized\Bear\288.jpg,0
\datasets\animals\data_resized\Bear\289.jpg,0
\datasets\animals\data_resized\Bear\290.jpg,0
\datasets\animals\data_resized\Bear\291.jpg,0
\datasets\animals\data_resized\Bear\292.jpg,0
\datasets\animals\data_resized\Bear\293.jpg,0
\datasets\animals\data_resized\Bear\294.jpg,0
\datasets\animals\data_resized\Bear\295.jpg,0
\datasets\animals\data_resized\Bear\296.jpg,0
\datasets\animals\data_resized\Bear\297.jpg,0
\datasets\animals\data_resized\Bear\298.jpg,0
\datasets\animals\data_resized\Bear\299.jpg,0
\datasets\animals\data_resized\Bear\300.jpg,0
\datasets\animals\data_resized\Bear\301.jpg,0
\datasets\animals\data_resized\Bear\302.jpg,0
\datasets\animals\data_resized\Bear\303.jpg,0
\datasets\animals\data_resized\Bear\304.jpg,0
\datasets\animals\data_resized\Bear\305.jpg,0
\datasets\animals\data_resized\Bear\306.jpg,0
\datasets\animals\data_resized\Bear\307.jpg,0
\datasets\animals\data_resized\Bear\308.jpg,0
\datasets\animals\data_resized\Bear\309.jpg,0
\datasets\animals\data_resized\Bear\310.jpg,0
\datasets\animals\data_resized\Bear\311.jpg,0
\datasets\animals\data_resized\Bear\312.jpg,0
\datasets\animals\data_resized\Bear\313.jpg,0
\datasets\animals\data_resized\Bear\314.jpg,0
\datasets\animals\data_resized\Bear\315.jpg,0
\datasets\animals\data_resized\Bear\316.jpg,0
\datasets\animals\data_resized\Bear\317.jpg,0
\datasets\animals\data_resized\Bear\318.jpg,0
\datasets\animals\data_resized\Bear\319.jpg,0
\datasets\animals\data_resized\Bear\320.jpg,0
\datasets\animals\data_resized\Bear\321.jpg,0
\datasets\animals\data_resized\Bear\322.jpg,0
\datasets\animals\data_resized\Bear\323.jpg,0
\datasets\animals\data_resized\Bear\324.jpg,0
\datasets\animals\data_resized\Bear\325.jpg,0
\datasets\animals\data_resized\Bear\326.jpg,0
\datasets\animals\data_resized\Bear\327.jpg,0
\datasets\animals\data_resized\Bear\328.jpg,0
\datasets\animals\data_resized\Bear\329.jpg,0
\datasets\animals\data_resized\Bear\330.jpg,0
\datasets\animals\data_resized\Bear\331.jpg,0
\datasets\animals\data_resized\Bear\332.jpg,0
\datasets\animals\data_resized\Bear\333.jpg,0
\datasets\animals\data_resized\Bear\334.jpg,0
\datasets\animals\data_resized\Bear\335.jpg,0
\datasets\animals\data_resized\Bear\336.jpg,0
\datasets\animals\data_resized\Bear\337.jpg,0
\datasets\animals\data_resized\Bear\338.jpg,0
\datasets\animals\data_resized\Bear\339.jpg,0
\datasets\animals\data_resized\Bear\340.jpg,0
\datasets\animals\data_resized\Bear\341.jpg,0
\datasets\animals\data_resized\Bear\342.jpg,0
\datasets\animals\data_resized\Bear\343.jpg,0
\datasets\animals\data_resized\Bear\344.jpg,0
\datasets\animals\data_resized\Bear\345.jpg,0
\datasets\animals\data_resized\Bear\346.jpg,0
\datasets\animals\data_resized\Bear\347.jpg,0
\datasets\animals\data_resized\Bear\348.jpg,0
\datasets\animals\data_resized\Bear\349.jpg,0
\datasets\animals\data_resized\Bear\350.jpg,0
\datasets\animals\data_resized\Bear\351.jpg,0
\datasets\animals\data_resized\Bear\352.jpg,0
\datasets\animals\data_resized\Bear\353.jpg,0
\datasets\animals\data_resized\Bear\354.jpg,0
\datasets\animals\data_resized\Bear\355.jpg,0
\datasets\animals\data_resized\Bear\356.jpg,0
\datasets\animals\data_resized\Bear\357.jpg,0
\datasets\animals\data_resized\Bear\358.jpg,0
\datasets\animals\data_resized\Bear\359.jpg,0
\datasets\animals\data_resized\Bear\360.jpg,0
\datasets\animals\data_resized\Bear\361.jpg,0
\datasets\animals\data_resized\Bear\362.jpg,0
\datasets\animals\data_resized\Bear\363.jpg,0
\datasets\animals\data_resized\Bear\364.jpg,0
\datasets\animals\data_resized\Bear\365.jpg,0
\datasets\animals\data_resized\Bear\366.jpg,0
\datasets\animals\data_resized\Bear\367.jpg,0
\datasets\animals\data_resized\Bear\368.jpg,0
\datasets\animals\data_resized\Bear\369.jpg,0
\datasets\animals\data_resized\Bear\370.jpg,0
\datasets\animals\data_resized\Bear\371.jpg,0
\datasets\animals\data_resized\Bear\372.jpg,0
\datasets\animals\data_resized\Bear\373.jpg,0
\datasets\animals\data_resized\Bear\374.jpg,0
\datasets\animals\data_resized\Bear\375.jpg,0
\datasets\animals\data_resized\Bear\376.jpg,0
\datasets\animals\data_resized\Bear\377.jpg,0
\datasets\animals\data_resized\Bear\378.jpg,0
\datasets\animals\data_resized\Bear\379.jpg,0
\datasets\animals\data_resized\Bear\380.jpg,0
\datasets\animals\data_resized\Bear\381.jpg,0
\datasets\animals\data_resized\Bear\382.jpg,0
\datasets\animals\data_resized\Bear\383.jpg,0
\datasets\animals\data_resized\Bear\384.jpg,0
\datasets\animals\data_resized\Bear\385.jpg,0
\datasets\animals\data_resized\Bear\386.jpg,0
\datasets\animals\data_resized\Bear\387.jpg,0
\datasets\animals\data_resized\Bear\388.jpg,0
\datasets\animals\data_resized\Bear\389.jpg,0
\datasets\animals\data_resized\Bear\390.jpg,0
\datasets\animals\data_resized\Bear\391.jpg,0
\datasets\animals\data_resized\Bear\392.jpg,0
\datasets\animals\data_resized\Bear\393.jpg,0
\datasets\animals\data_resized\Bear\394.jpg,0
\datasets\animals\data_resized\Bear\395.jpg,0
\datasets\animals\data_resized\Bear\396.jpg,0
\datasets\animals\data_resized\Bear\397.jpg,0
\datasets\animals\data_resized\Bear\398.jpg,0
\datasets\animals\data_resized\Bear\399.jpg,0
\datasets\animals\data_resized\Bear\400.jpg,0
\datasets\animals\data_resized\Bear\401.jpg,0
\datasets\animals\data_resized\Bear\402.jpg,0
\datasets\animals\data_resized\Bear\403.jpg,0
\datasets\animals\data_resized\Bear\404.jpg,0
\datasets\animals\data_resized\Bear\405.jpg,0
\datasets\animals\data_resized\Bear\406.jpg,0
\datasets\animals\data_resized\Bear\407.jpg,0
\datasets\animals\data_resized\Bear\408.jpg,0
\datasets\animals\data_resized\Bear\409.jpg,0
\datasets\animals\data_resized\Bear\410.jpg,0
\datasets\animals\data_resized\Bear\411.jpg,0
\datasets\animals\data_resized\Bear\412.jpg,0
\datasets\animals\data_resized\Bear\413.jpg,0
\datasets\animals\data_resized\Bear\414.jpg,0
\datasets\animals\data_resized\Bear\415.jpg,0
\datasets\animals\data_resized\Bear\416.jpg,0
\datasets\animals\data_resized\Bear\417.jpg,0
\datasets\animals\data_resized\Bear\418.jpg,0
\datasets\animals\data_resized\Bear\419.jpg,0
\datasets\animals\data_resized\Bear\420.jpg,0
\datasets\animals\data_resized\Bear\421.jpg,0
\datasets\animals\data_resized\Bear\422.jpg,0
\datasets\animals\data_resized\Bear\423.jpg,0
\datasets\animals\data_resized\Bear\424.jpg,0
\datasets\animals\data_resized\Bear\425.jpg,0
\datasets\animals\data_resized\Bear\426.jpg,0
\datasets\animals\data_resized\Bear\427.jpg,0
\datasets\animals\data_resized\Bear\428.jpg,0
\datasets\animals\data_resized\Bear\429.jpg,0
\datasets\animals\data_resized\Bear\430.jpg,0
\datasets\animals\data_resized\Bear\431.jpg,0
\datasets\animals\data_resized\Bear\432.jpg,0
\datasets\animals\data_resized\Bear\433.jpg,0
\datasets\animals\data_resized\Bear\434.jpg,0
\datasets\animals\data_resized\Bear\435.jpg,0
\datasets\animals\data_resized\Bear\436.jpg,0
\datasets\animals\data_resized\Bear\437.jpg,0
\datasets\animals\data_resized\Bear\438.jpg,0
\datasets\animals\data_resized\Bear\439.jpg,0
\datasets\animals\data_resized\Bear\440.jpg,0
\datasets\animals\data_resized\Bear\441.jpg,0
\datasets\animals\data_resized\Bear\442.jpg,0
\datasets\animals\data_resized\Bear\443.jpg,0
\datasets\animals\data_resized\Bear\444.jpg,0
\datasets\animals\data_resized\Bear\445.jpg,0
\datasets\animals\data_resized\Bear\446.jpg,0
\datasets\animals\data_resized\Bear\447.jpg,0
\datasets\animals\data_resized\Bear\448.jpg,0
\datasets\animals\data_resized\Bear\449.jpg,0
\datasets\animals\data_resized\Bear\450.jpg,0
\datasets\animals\data_resized\Bear\451.jpg,0
\datasets\animals\data_resized\Bear\452.jpg,0
\datasets\animals\data_resized\Bear\453.jpg,0
\datasets\animals\data_resized\Bear\454.jpg,0
\datasets\animals\data_resized\Bear\455.jpg,0
\datasets\animals\data_resized\Bear\456.jpg,0
\datasets\animals\data_resized\Bear\457.jpg,0
\datasets\animals\data_resized\Bear\458.jpg,0
\datasets\animals\data_resized\Bear\459.jpg,0
\datasets\animals\data_resized\Bear\460.jpg,0
\datasets\animals\data_resized\Bear\461.jpg,0
\datasets\animals\data_resized\Bear\462.jpg,0
\datasets\animals\data_resized\Bear\463.jpg,0
\datasets\animals\data_resized\Bear\464.jpg,0
\datasets\animals\data_resized\Bear\465.jpg,0
\datasets\animals\data_resized\Bear\466.jpg,0
\datasets\animals\data_resized\Bear\467.jpg,0
\datasets\animals\data_resized\Bear\468.jpg,0
\datasets\animals\data_resized\Bear\469.jpg,0
\datasets\animals\data_resized\Bear\470.jpg,0
\datasets\animals\data_resized\Bear\471.jpg,0
\datasets\animals\data_resized\Bear\472.jpg,0
\datasets\animals\data_resized\Bear\473.jpg,0
\datasets\animals\data_resized\Bear\474.jpg,0
\datasets\animals\data_resized\Bear\475.jpg,0
\datasets\animals\data_resized\Bear\476.jpg,0
\datasets\animals\data_resized\Bear\477.jpg,0
\datasets\animals\data_resized\Bear\478.jpg,0
\datasets\animals\data_resized\Bear\479.jpg,0
\datasets\animals\data_resized\Bear\480.jpg,0
\datasets\animals\data_resized\Bear\481.jpg,0
\datasets\animals\data_resized\Bear\482.jpg,0
\datasets\animals\data_resized\Bear\483.jpg,0
\datasets\animals\data_resized\Bear\484.jpg,0
\datasets\animals\data_resized\Bear\485.jpg,0
\datasets\animals\data_resized\Bear\486.jpg,0
\datasets\animals\data_resized\Bear\487.jpg,0
\datasets\animals\data_resized\Bear\488.jpg,0
\datasets\animals\data_resized\Bear\489.jpg,0
\datasets\animals\data_resized\Bear\490.jpg,0
\datasets\animals\data_resized\Bear\491.jpg,0
\datasets\animals\data_resized\Bear\492.jpg,0
\datasets\animals\data_resized\Bear\493.jpg,0
\datasets\animals\data_resized\Bear\494.jpg,0
\datasets\animals\data_resized\Bear\495.jpg,0
\datasets\animals\data_resized\Bear\496.jpg,0
\datasets\animals\data_resized\Bear\497.jpg,0
\datasets\animals\data_resized\Bear\498.jpg,0
\datasets\animals\data_resized\Bear\499.jpg,0
\datasets\animals\data_resized\Bear\500.jpg,0
\datasets\animals\data_resized\Bear\501.jpg,0
\datasets\animals\data_resized\Bear\502.jpg,0
\datasets\animals\data_resized\Bear\503.jpg,0
\datasets\animals\data_resized\Bear\504.jpg,0
\datasets\animals\data_resized\Bear\505.jpg,0
\datasets\animals\data_resized\Bear\506.jpg,0
\datasets\animals\data_resized\Bear\507.jpg,0
\datasets\animals\data_resized\Bear\508.jpg,0
\datasets\animals\data_resized\Bear\509.jpg,0
\datasets\animals\data_resized\Bear\510.jpg,0
\datasets\animals\data_resized\Bear\511.jpg,0
\datasets\animals\data_resized\Bear\512.jpg,0
\datasets\animals\data_resized\Bear\513.jpg,0
\datasets\animals\data_resized\Bear\514.jpg,0
\datasets\animals\data_resized\Bear\515.jpg,0
\datasets\animals\data_resized\Bear\516.jpg,0
\datasets\animals\data_resized\Bear\517.jpg,0
\datasets\animals\data_resized\Bear\518.jpg,0
\datasets\animals\data_resized\Bear\519.jpg,0
\datasets\animals\data_resized\Bear\520.jpg,0
\datasets\animals\data_resized\Bear\521.jpg,0
\datasets\animals\data_resized\Bear\522.jpg,0
\datasets\animals\data_resized\Bear\523.jpg,0
\datasets\animals\data_resized\Bear\524.jpg,0
\datasets\animals\data_resized\Bear\525.jpg,0
\datasets\animals\data_resized\Bear\526.jpg,0
\datasets\animals\data_resized\Bear\527.jpg,0
\datasets\animals\data_resized\Bear\528.jpg,0
\datasets\animals\data_resized\Bear\529.jpg,0
\datasets\animals\data_resized\Bear\530.jpg,0
\datasets\animals\data_resized\Bear\531.jpg,0
\datasets\animals\data_resized\Chicken\0.jpg,1
\datasets\animals\data_resized\Chicken\1.jpg,1
\datasets\animals\data_resized\Chicken\2.jpg,1
\datasets\animals\data_resized\Chicken\3.jpg,1
\datasets\animals\data_resized\Chicken\4.jpg,1
\datasets\animals\data_resized\Chicken\5.jpg,1
\datasets\animals\data_resized\Chicken\6.jpg,1
\datasets\animals\data_resized\Chicken\7.jpg,1
\datasets\animals\data_resized\Chicken\8.jpg,1
\datasets\animals\data_resized\Chicken\9.jpg,1
\datasets\animals\data_resized\Chicken\10.jpg,1
\datasets\animals\data_resized\Chicken\11.jpg,1
\datasets\animals\data_resized\Chicken\12.jpg,1
\datasets\animals\data_resized\Chicken\13.jpg,1
\datasets\animals\data_resized\Chicken\14.jpg,1
\datasets\animals\data_resized\Chicken\15.jpg,1
\datasets\animals\data_resized\Chicken\16.jpg,1
\datasets\animals\data_resized\Chicken\17.jpg,1
\datasets\animals\data_resized\Chicken\18.jpg,1
\datasets\animals\data_resized\Chicken\19.jpg,1
\datasets\animals\data_resized\Chicken\20.jpg,1
\datasets\animals\data_resized\Chicken\21.jpg,1
\datasets\animals\data_resized\Chicken\22.jpg,1
\datasets\animals\data_resized\Chicken\23.jpg,1
\datasets\animals\data_resized\Chicken\24.jpg,1
\datasets\animals\data_resized\Chicken\25.jpg,1
\datasets\animals\data_resized\Chicken\26.jpg,1
\datasets\animals\data_resized\Chicken\27.jpg,1
\datasets\animals\data_resized\Chicken\28.jpg,1
\datasets\animals\data_resized\Chicken\29.jpg,1
\datasets\animals\data_resized\Chicken\30.jpg,1
\datasets\animals\data_resized\Chicken\31.jpg,1
\datasets\animals\data_resized\Chicken\32.jpg,1
\datasets\animals\data_resized\Chicken\33.jpg,1
\datasets\animals\data_resized\Chicken\34.jpg,1
\datasets\animals\data_resized\Chicken\35.jpg,1
\datasets\animals\data_resized\Chicken\36.jpg,1
\datasets\animals\data_resized\Chicken\37.jpg,1
\datasets\animals\data_resized\Chicken\38.jpg,1
\datasets\animals\data_resized\Chicken\39.jpg,1
\datasets\animals\data_resized\Chicken\40.jpg,1
\datasets\animals\data_resized\Chicken\41.jpg,1
\datasets\animals\data_resized\Chicken\42.jpg,1
\datasets\animals\data_resized\Chicken\43.jpg,1
\datasets\animals\data_resized\Chicken\44.jpg,1
\datasets\animals\data_resized\Chicken\45.jpg,1
\datasets\animals\data_resized\Chicken\46.jpg,1
\datasets\animals\data_resized\Chicken\47.jpg,1
\datasets\animals\data_resized\Chicken\48.jpg,1
\datasets\animals\data_resized\Chicken\49.jpg,1
\datasets\animals\data_resized\Chicken\50.jpg,1
\datasets\animals\data_resized\Chicken\51.jpg,1
\datasets\animals\data_resized\Chicken\52.jpg,1
\datasets\animals\data_resized\Chicken\53.jpg,1
\datasets\animals\data_resized\Chicken\54.jpg,1
\datasets\animals\data_resized\Chicken\55.jpg,1
\datasets\animals\data_resized\Chicken\56.jpg,1
\datasets\animals\data_resized\Chicken\57.jpg,1
\datasets\animals\data_resized\Chicken\58.jpg,1
\datasets\animals\data_resized\Chicken\59.jpg,1
\datasets\animals\data_resized\Chicken\60.jpg,1
\datasets\animals\data_resized\Chicken\61.jpg,1
\datasets\animals\data_resized\Chicken\62.jpg,1
\datasets\animals\data_resized\Chicken\63.jpg,1
\datasets\animals\data_resized\Chicken\64.jpg,1
\datasets\animals\data_resized\Chicken\65.jpg,1
\datasets\animals\data_resized\Chicken\66.jpg,1
\datasets\animals\data_resized\Chicken\67.jpg,1
\datasets\animals\data_resized\Chicken\68.jpg,1
\datasets\animals\data_resized\Chicken\69.jpg,1
\datasets\animals\data_resized\Chicken\70.jpg,1
\datasets\animals\data_resized\Chicken\71.jpg,1
\datasets\animals\data_resized\Chicken\72.jpg,1
\datasets\animals\data_resized\Chicken\73.jpg,1
\datasets\animals\data_resized\Chicken\74.jpg,1
\datasets\animals\data_resized\Chicken\75.jpg,1
\datasets\animals\data_resized\Chicken\76.jpg,1
\datasets\animals\data_resized\Chicken\77.jpg,1
\datasets\animals\data_resized\Chicken\78.jpg,1
\datasets\animals\data_resized\Chicken\79.jpg,1
\datasets\animals\data_resized\Chicken\80.jpg,1
\datasets\animals\data_resized\Chicken\81.jpg,1
\datasets\animals\data_resized\Chicken\82.jpg,1
\datasets\animals\data_resized\Chicken\83.jpg,1
\datasets\animals\data_resized\Chicken\84.jpg,1
\datasets\animals\data_resized\Chicken\85.jpg,1
\datasets\animals\data_resized\Chicken\86.jpg,1
\datasets\animals\data_resized\Chicken\87.jpg,1
\datasets\animals\data_resized\Chicken\88.jpg,1
\datasets\animals\data_resized\Chicken\89.jpg,1
\datasets\animals\data_resized\Chicken\90.jpg,1
\datasets\animals\data_resized\Chicken\91.jpg,1
\datasets\animals\data_resized\Chicken\92.jpg,1
\datasets\animals\data_resized\Chicken\93.jpg,1
\datasets\animals\data_resized\Chicken\94.jpg,1
\datasets\animals\data_resized\Chicken\95.jpg,1
\datasets\animals\data_resized\Chicken\96.jpg,1
\datasets\animals\data_resized\Chicken\97.jpg,1
\datasets\animals\data_resized\Chicken\98.jpg,1
\datasets\animals\data_resized\Chicken\99.jpg,1
\datasets\animals\data_resized\Chicken\100.jpg,1
\datasets\animals\data_resized\Chicken\101.jpg,1
\datasets\animals\data_resized\Chicken\102.jpg,1
\datasets\animals\data_resized\Chicken\103.jpg,1
\datasets\animals\data_resized\Chicken\104.jpg,1
\datasets\animals\data_resized\Chicken\105.jpg,1
\datasets\animals\data_resized\Chicken\106.jpg,1
\datasets\animals\data_resized\Chicken\107.jpg,1
\datasets\animals\data_resized\Chicken\108.jpg,1
\datasets\animals\data_resized\Chicken\109.jpg,1
\datasets\animals\data_resized\Chicken\110.jpg,1
\datasets\animals\data_resized\Chicken\111.jpg,1
\datasets\animals\data_resized\Chicken\112.jpg,1
\datasets\animals\data_resized\Chicken\113.jpg,1
\datasets\animals\data_resized\Chicken\114.jpg,1
\datasets\animals\data_resized\Chicken\115.jpg,1
\datasets\animals\data_resized\Chicken\116.jpg,1
\datasets\animals\data_resized\Chicken\117.jpg,1
\datasets\animals\data_resized\Chicken\118.jpg,1
\datasets\animals\data_resized\Chicken\119.jpg,1
\datasets\animals\data_resized\Chicken\120.jpg,1
\datasets\animals\data_resized\Chicken\121.jpg,1
\datasets\animals\data_resized\Chicken\122.jpg,1
\datasets\animals\data_resized\Chicken\123.jpg,1
\datasets\animals\data_resized\Chicken\124.jpg,1
\datasets\animals\data_resized\Chicken\125.jpg,1
\datasets\animals\data_resized\Chicken\126.jpg,1
\datasets\animals\data_resized\Chicken\127.jpg,1
\datasets\animals\data_resized\Chicken\128.jpg,1
\datasets\animals\data_resized\Chicken\129.jpg,1
\datasets\animals\data_resized\Chicken\130.jpg,1
\datasets\animals\data_resized\Chicken\131.jpg,1
\datasets\animals\data_resized\Chicken\132.jpg,1
\datasets\animals\data_resized\Chicken\133.jpg,1
\datasets\animals\data_resized\Chicken\134.jpg,1
\datasets\animals\data_resized\Chicken\135.jpg,1
\datasets\animals\data_resized\Chicken\136.jpg,1
\datasets\animals\data_resized\Chicken\137.jpg,1
\datasets\animals\data_resized\Chicken\138.jpg,1
\datasets\animals\data_resized\Chicken\139.jpg,1
\datasets\animals\data_resized\Chicken\140.jpg,1
\datasets\animals\data_resized\Chicken\141.jpg,1
\datasets\animals\data_resized\Chicken\142.jpg,1
\datasets\animals\data_resized\Chicken\143.jpg,1
\datasets\animals\data_resized\Chicken\144.jpg,1
\datasets\animals\data_resized\Chicken\145.jpg,1
\datasets\animals\data_resized\Chicken\146.jpg,1
\datasets\animals\data_resized\Chicken\147.jpg,1
\datasets\animals\data_resized\Chicken\148.jpg,1
\datasets\animals\data_resized\Chicken\149.jpg,1
\datasets\animals\data_resized\Chicken\150.jpg,1
\datasets\animals\data_resized\Chicken\151.jpg,1
\datasets\animals\data_resized\Chicken\152.jpg,1
\datasets\animals\data_resized\Chicken\153.jpg,1
\datasets\animals\data_resized\Chicken\154.jpg,1
\datasets\animals\data_resized\Chicken\155.jpg,1
\datasets\animals\data_resized\Chicken\156.jpg,1
\datasets\animals\data_resized\Chicken\157.jpg,1
\datasets\animals\data_resized\Chicken\158.jpg,1
\datasets\animals\data_resized\Chicken\159.jpg,1
\datasets\animals\data_resized\Chicken\160.jpg,1
\datasets\animals\data_resized\Chicken\161.jpg,1
\datasets\animals\data_resized\Chicken\162.jpg,1
\datasets\animals\data_resized\Chicken\163.jpg,1
\datasets\animals\data_resized\Chicken\164.jpg,1
\datasets\animals\data_resized\Chicken\165.jpg,1
\datasets\animals\data_resized\Chicken\166.jpg,1
\datasets\animals\data_resized\Chicken\167.jpg,1
\datasets\animals\data_resized\Chicken\168.jpg,1
\datasets\animals\data_resized\Chicken\169.jpg,1
\datasets\animals\data_resized\Chicken\170.jpg,1
\datasets\animals\data_resized\Chicken\171.jpg,1
\datasets\animals\data_resized\Chicken\172.jpg,1
\datasets\animals\data_resized\Chicken\173.jpg,1
\datasets\animals\data_resized\Chicken\174.jpg,1
\datasets\animals\data_resized\Chicken\175.jpg,1
\datasets\animals\data_resized\Chicken\176.jpg,1
\datasets\animals\data_resized\Chicken\177.jpg,1
\datasets\animals\data_resized\Chicken\178.jpg,1
\datasets\animals\data_resized\Chicken\179.jpg,1
\datasets\animals\data_resized\Chicken\180.jpg,1
\datasets\animals\data_resized\Chicken\181.jpg,1
\datasets\animals\data_resized\Chicken\182.jpg,1
\datasets\animals\data_resized\Chicken\183.jpg,1
\datasets\animals\data_resized\Chicken\184.jpg,1
\datasets\animals\data_resized\Chicken\185.jpg,1
\datasets\animals\data_resized\Chicken\186.jpg,1
\datasets\animals\data_resized\Chicken\187.jpg,1
\datasets\animals\data_resized\Chicken\188.jpg,1
\datasets\animals\data_resized\Chicken\189.jpg,1
\datasets\animals\data_resized\Chicken\190.jpg,1
\datasets\animals\data_resized\Chicken\191.jpg,1
\datasets\animals\data_resized\Chicken\192.jpg,1
\datasets\animals\data_resized\Chicken\193.jpg,1
\datasets\animals\data_resized\Chicken\194.jpg,1
\datasets\animals\data_resized\Chicken\195.jpg,1
\datasets\animals\data_resized\Chicken\196.jpg,1
\datasets\animals\data_resized\Chicken\197.jpg,1
\datasets\animals\data_resized\Chicken\198.jpg,1
\datasets\animals\data_resized\Chicken\199.jpg,1
\datasets\animals\data_resized\Chicken\200.jpg,1
\datasets\animals\data_resized\Chicken\201.jpg,1
\datasets\animals\data_resized\Chicken\202.jpg,1
\datasets\animals\data_resized\Chicken\203.jpg,1
\datasets\animals\data_resized\Chicken\204.jpg,1
\datasets\animals\data_resized\Chicken\205.jpg,1
\datasets\animals\data_resized\Chicken\206.jpg,1
\datasets\animals\data_resized\Chicken\207.jpg,1
\datasets\animals\data_resized\Chicken\208.jpg,1
\datasets\animals\data_resized\Chicken\209.jpg,1
\datasets\animals\data_resized\Chicken\210.jpg,1
\datasets\animals\data_resized\Chicken\211.jpg,1
\datasets\animals\data_resized\Chicken\212.jpg,1
\datasets\animals\data_resized\Chicken\213.jpg,1
\datasets\animals\data_resized\Chicken\214.jpg,1
\datasets\animals\data_resized\Chicken\215.jpg,1
\datasets\animals\data_resized\Chicken\216.jpg,1
\datasets\animals\data_resized\Chicken\217.jpg,1
\datasets\animals\data_resized\Chicken\218.jpg,1
\datasets\animals\data_resized\Chicken\219.jpg,1
\datasets\animals\data_resized\Chicken\220.jpg,1
\datasets\animals\data_resized\Chicken\221.jpg,1
\datasets\animals\data_resized\Chicken\222.jpg,1
\datasets\animals\data_resized\Chicken\223.jpg,1
\datasets\animals\data_resized\Chicken\224.jpg,1
\datasets\animals\data_resized\Chicken\225.jpg,1
\datasets\animals\data_resized\Chicken\226.jpg,1
\datasets\animals\data_resized\Chicken\227.jpg,1
\datasets\animals\data_resized\Chicken\228.jpg,1
\datasets\animals\data_resized\Chicken\229.jpg,1
\datasets\animals\data_resized\Chicken\230.jpg,1
\datasets\animals\data_resized\Chicken\231.jpg,1
\datasets\animals\data_resized\Chicken\232.jpg,1
\datasets\animals\data_resized\Chicken\233.jpg,1
\datasets\animals\data_resized\Chicken\234.jpg,1
\datasets\animals\data_resized\Chicken\235.jpg,1
\datasets\animals\data_resized\Chicken\236.jpg,1
\datasets\animals\data_resized\Chicken\237.jpg,1
\datasets\animals\data_resized\Chicken\238.jpg,1
\datasets\animals\data_resized\Chicken\239.jpg,1
\datasets\animals\data_resized\Chicken\240.jpg,1
\datasets\animals\data_resized\Chicken\241.jpg,1
\datasets\animals\data_resized\Chicken\242.jpg,1
\datasets\animals\data_resized\Chicken\243.jpg,1
\datasets\animals\data_resized\Chicken\244.jpg,1
\datasets\animals\data_resized\Chicken\245.jpg,1
\datasets\animals\data_resized\Chicken\246.jpg,1
\datasets\animals\data_resized\Chicken\247.jpg,1
\datasets\animals\data_resized\Chicken\248.jpg,1
\datasets\animals\data_resized\Chicken\249.jpg,1
\datasets\animals\data_resized\Chicken\250.jpg,1
\datasets\animals\data_resized\Chicken\251.jpg,1
\datasets\animals\data_resized\Chicken\252.jpg,1
\datasets\animals\data_resized\Chicken\253.jpg,1
\datasets\animals\data_resized\Chicken\254.jpg,1
\datasets\animals\data_resized\Chicken\255.jpg,1
\datasets\animals\data_resized\Chicken\256.jpg,1
\datasets\animals\data_resized\Chicken\257.jpg,1
\datasets\animals\data_resized\Chicken\258.jpg,1
\datasets\animals\data_resized\Chicken\259.jpg,1
\datasets\animals\data_resized\Chicken\260.jpg,1
\datasets\animals\data_resized\Chicken\261.jpg,1
\datasets\animals\data_resized\Chicken\262.jpg,1
\datasets\animals\data_resized\Chicken\263.jpg,1
\datasets\animals\data_resized\Chicken\264.jpg,1
\datasets\animals\data_resized\Chicken\265.jpg,1
\datasets\animals\data_resized\Chicken\266.jpg,1
\datasets\animals\data_resized\Chicken\267.jpg,1
\datasets\animals\data_resized\Chicken\268.jpg,1
\datasets\animals\data_resized\Chicken\269.jpg,1
\datasets\animals\data_resized\Chicken\270.jpg,1
\datasets\animals\data_resized\Chicken\271.jpg,1
\datasets\animals\data_resized\Chicken\272.jpg,1
\datasets\animals\data_resized\Chicken\273.jpg,1
\datasets\animals\data_resized\Chicken\274.jpg,1
\datasets\animals\data_resized\Chicken\275.jpg,1
\datasets\animals\data_resized\Chicken\276.jpg,1
\datasets\animals\data_resized\Chicken\277.jpg,1
\datasets\animals\data_resized\Chicken\278.jpg,1
\datasets\animals\data_resized\Chicken\279.jpg,1
\datasets\animals\data_resized\Chicken\280.jpg,1
\datasets\animals\data_resized\Chicken\281.jpg,1
\datasets\animals\data_resized\Chicken\282.jpg,1
\datasets\animals\data_resized\Chicken\283.jpg,1
\datasets\animals\data_resized\Chicken\284.jpg,1
\datasets\animals\data_resized\Chicken\285.jpg,1
\datasets\animals\data_resized\Chicken\286.jpg,1
\datasets\animals\data_resized\Chicken\287.jpg,1
\datasets\animals\data_resized\Chicken\288.jpg,1
\datasets\animals\data_resized\Chicken\289.jpg,1
\datasets\animals\data_resized\Chicken\290.jpg,1
\datasets\animals\data_resized\Chicken\291.jpg,1
\datasets\animals\data_resized\Chicken\292.jpg,1
\datasets\animals\data_resized\Chicken\293.jpg,1
\datasets\animals\data_resized\Chicken\294.jpg,1
\datasets\animals\data_resized\Chicken\295.jpg,1
\datasets\animals\data_resized\Chicken\296.jpg,1
\datasets\animals\data_resized\Chicken\297.jpg,1
\datasets\animals\data_resized\Chicken\298.jpg,1
\datasets\animals\data_resized\Chicken\299.jpg,1
\datasets\animals\data_resized\Chicken\300.jpg,1
\datasets\animals\data_resized\Chicken\301.jpg,1
\datasets\animals\data_resized\Chicken\302.jpg,1
\datasets\animals\data_resized\Chicken\303.jpg,1
\datasets\animals\data_resized\Chicken\304.jpg,1
\datasets\animals\data_resized\Chicken\305.jpg,1
\datasets\animals\data_resized\Chicken\306.jpg,1
\datasets\animals\data_resized\Chicken\307.jpg,1
\datasets\animals\data_resized\Chicken\308.jpg,1
\datasets\animals\data_resized\Chicken\309.jpg,1
\datasets\animals\data_resized\Chicken\310.jpg,1
\datasets\animals\data_resized\Chicken\311.jpg,1
\datasets\animals\data_resized\Chicken\312.jpg,1
\datasets\animals\data_resized\Chicken\313.jpg,1
\datasets\animals\data_resized\Chicken\314.jpg,1
\datasets\animals\data_resized\Chicken\315.jpg,1
\datasets\animals\data_resized\Chicken\316.jpg,1
\datasets\animals\data_resized\Chicken\317.jpg,1
\datasets\animals\data_resized\Chicken\318.jpg,1
\datasets\animals\data_resized\Chicken\319.jpg,1
\datasets\animals\data_resized\Chicken\320.jpg,1
\datasets\animals\data_resized\Chicken\321.jpg,1
\datasets\animals\data_resized\Chicken\322.jpg,1
\datasets\animals\data_resized\Chicken\323.jpg,1
\datasets\animals\data_resized\Chicken\324.jpg,1
\datasets\animals\data_resized\Chicken\325.jpg,1
\datasets\animals\data_resized\Chicken\326.jpg,1
\datasets\animals\data_resized\Chicken\327.jpg,1
\datasets\animals\data_resized\Chicken\328.jpg,1
\datasets\animals\data_resized\Chicken\329.jpg,1
\datasets\animals\data_resized\Chicken\330.jpg,1
\datasets\animals\data_resized\Chicken\331.jpg,1
\datasets\animals\data_resized\Chicken\332.jpg,1
\datasets\animals\data_resized\Chicken\333.jpg,1
\datasets\animals\data_resized\Chicken\334.jpg,1
\datasets\animals\data_resized\Chicken\335.jpg,1
\datasets\animals\data_resized\Chicken\336.jpg,1
\datasets\animals\data_resized\Chicken\337.jpg,1
\datasets\animals\data_resized\Chicken\338.jpg,1
\datasets\animals\data_resized\Chicken\339.jpg,1
\datasets\animals\data_resized\Chicken\340.jpg,1
\datasets\animals\data_resized\Chicken\341.jpg,1
\datasets\animals\data_resized\Chicken\342.jpg,1
\datasets\animals\data_resized\Chicken\343.jpg,1
\datasets\animals\data_resized\Chicken\344.jpg,1
\datasets\animals\data_resized\Chicken\345.jpg,1
\datasets\animals\data_resized\Chicken\346.jpg,1
\datasets\animals\data_resized\Chicken\347.jpg,1
\datasets\animals\data_resized\Chicken\348.jpg,1
\datasets\animals\data_resized\Chicken\349.jpg,1
\datasets\animals\data_resized\Chicken\350.jpg,1
\datasets\animals\data_resized\Chicken\351.jpg,1
\datasets\animals\data_resized\Chicken\352.jpg,1
\datasets\animals\data_resized\Chicken\353.jpg,1
\datasets\animals\data_resized\Chicken\354.jpg,1
\datasets\animals\data_resized\Chicken\355.jpg,1
\datasets\animals\data_resized\Chicken\356.jpg,1
\datasets\animals\data_resized\Chicken\357.jpg,1
\datasets\animals\data_resized\Chicken\358.jpg,1
\datasets\animals\data_resized\Chicken\359.jpg,1
\datasets\animals\data_resized\Chicken\360.jpg,1
\datasets\animals\data_resized\Chicken\361.jpg,1
\datasets\animals\data_resized\Chicken\362.jpg,1
\datasets\animals\data_resized\Chicken\363.jpg,1
\datasets\animals\data_resized\Chicken\364.jpg,1
\datasets\animals\data_resized\Chicken\365.jpg,1
\datasets\animals\data_resized\Chicken\366.jpg,1
\datasets\animals\data_resized\Chicken\367.jpg,1
\datasets\animals\data_resized\Chicken\368.jpg,1
\datasets\animals\data_resized\Chicken\369.jpg,1
\datasets\animals\data_resized\Chicken\370.jpg,1
\datasets\animals\data_resized\Chicken\371.jpg,1
\datasets\animals\data_resized\Chicken\372.jpg,1
\datasets\animals\data_resized\Chicken\373.jpg,1
\datasets\animals\data_resized\Chicken\374.jpg,1
\datasets\animals\data_resized\Chicken\375.jpg,1
\datasets\animals\data_resized\Chicken\376.jpg,1
\datasets\animals\data_resized\Chicken\377.jpg,1
\datasets\animals\data_resized\Chicken\378.jpg,1
\datasets\animals\data_resized\Chicken\379.jpg,1
\datasets\animals\data_resized\Chicken\380.jpg,1
\datasets\animals\data_resized\Chicken\381.jpg,1
\datasets\animals\data_resized\Chicken\382.jpg,1
\datasets\animals\data_resized\Chicken\383.jpg,1
\datasets\animals\data_resized\Chicken\384.jpg,1
\datasets\animals\data_resized\Chicken\385.jpg,1
\datasets\animals\data_resized\Chicken\386.jpg,1
\datasets\animals\data_resized\Chicken\387.jpg,1
\datasets\animals\data_resized\Chicken\388.jpg,1
\datasets\animals\data_resized\Chicken\389.jpg,1
\datasets\animals\data_resized\Chicken\390.jpg,1
\datasets\animals\data_resized\Chicken\391.jpg,1
\datasets\animals\data_resized\Chicken\392.jpg,1
\datasets\animals\data_resized\Chicken\393.jpg,1
\datasets\animals\data_resized\Chicken\394.jpg,1
\datasets\animals\data_resized\Chicken\395.jpg,1
\datasets\animals\data_resized\Chicken\396.jpg,1
\datasets\animals\data_resized\Chicken\397.jpg,1
\datasets\animals\data_resized\Chicken\398.jpg,1
\datasets\animals\data_resized\Chicken\399.jpg,1
\datasets\animals\data_resized\Chicken\400.jpg,1
\datasets\animals\data_resized\Chicken\401.jpg,1
\datasets\animals\data_resized\Chicken\402.jpg,1
\datasets\animals\data_resized\Chicken\403.jpg,1
\datasets\animals\data_resized\Chicken\404.jpg,1
\datasets\animals\data_resized\Chicken\405.jpg,1
\datasets\animals\data_resized\Chicken\406.jpg,1
\datasets\animals\data_resized\Chicken\407.jpg,1
\datasets\animals\data_resized\Chicken\408.jpg,1
\datasets\animals\data_resized\Chicken\409.jpg,1
\datasets\animals\data_resized\Chicken\410.jpg,1
\datasets\animals\data_resized\Chicken\411.jpg,1
\datasets\animals\data_resized\Chicken\412.jpg,1
\datasets\animals\data_resized\Chicken\413.jpg,1
\datasets\animals\data_resized\Chicken\414.jpg,1
\datasets\animals\data_resized\Chicken\415.jpg,1
\datasets\animals\data_resized\Chicken\416.jpg,1
\datasets\animals\data_resized\Chicken\417.jpg,1
\datasets\animals\data_resized\Chicken\418.jpg,1
\datasets\animals\data_resized\Chicken\419.jpg,1
\datasets\animals\data_resized\Turtle\0.jpg,2
\datasets\animals\data_resized\Turtle\1.jpg,2
\datasets\animals\data_resized\Turtle\2.jpg,2
\datasets\animals\data_resized\Turtle\3.jpg,2
\datasets\animals\data_resized\Turtle\4.jpg,2
\datasets\animals\data_resized\Turtle\5.jpg,2
\datasets\animals\data_resized\Turtle\6.jpg,2
\datasets\animals\data_resized\Turtle\7.jpg,2
\datasets\animals\data_resized\Turtle\8.jpg,2
\datasets\animals\data_resized\Turtle\9.jpg,2
\datasets\animals\data_resized\Turtle\10.jpg,2
\datasets\animals\data_resized\Turtle\11.jpg,2
\datasets\animals\data_resized\Turtle\12.jpg,2
\datasets\animals\data_resized\Turtle\13.jpg,2
\datasets\animals\data_resized\Turtle\14.jpg,2
\datasets\animals\data_resized\Turtle\15.jpg,2
\datasets\animals\data_resized\Turtle\16.jpg,2
\datasets\animals\data_resized\Turtle\17.jpg,2
\datasets\animals\data_resized\Turtle\18.jpg,2
\datasets\animals\data_resized\Turtle\19.jpg,2
\datasets\animals\data_resized\Turtle\20.jpg,2
\datasets\animals\data_resized\Turtle\21.jpg,2
\datasets\animals\data_resized\Turtle\22.jpg,2
\datasets\animals\data_resized\Turtle\23.jpg,2
\datasets\animals\data_resized\Turtle\24.jpg,2
\datasets\animals\data_resized\Turtle\25.jpg,2
\datasets\animals\data_resized\Turtle\26.jpg,2
\datasets\animals\data_resized\Turtle\27.jpg,2
\datasets\animals\data_resized\Turtle\28.jpg,2
\datasets\animals\data_resized\Turtle\29.jpg,2
\datasets\animals\data_resized\Turtle\30.jpg,2
\datasets\animals\data_resized\Turtle\31.jpg,2
\datasets\animals\data_resized\Turtle\32.jpg,2
\datasets\animals\data_resized\Turtle\33.jpg,2
\datasets\animals\data_resized\Turtle\34.jpg,2
\datasets\animals\data_resized\Turtle\35.jpg,2
\datasets\animals\data_resized\Turtle\36.jpg,2
\datasets\animals\data_resized\Turtle\37.jpg,2
\datasets\animals\data_resized\Turtle\38.jpg,2
\datasets\animals\data_resized\Turtle\39.jpg,2
\datasets\animals\data_resized\Turtle\40.jpg,2
\datasets\animals\data_resized\Turtle\41.jpg,2
\datasets\animals\data_resized\Turtle\42.jpg,2
\datasets\animals\data_resized\Turtle\43.jpg,2
\datasets\animals\data_resized\Turtle\44.jpg,2
\datasets\animals\data_resized\Turtle\45.jpg,2
\datasets\animals\data_resized\Turtle\46.jpg,2
\datasets\animals\data_resized\Turtle\47.jpg,2
\datasets\animals\data_resized\Turtle\48.jpg,2
\datasets\animals\data_resized\Turtle\49.jpg,2
\datasets\animals\data_resized\Turtle\50.jpg,2
\datasets\animals\data_resized\Turtle\51.jpg,2
\datasets\animals\data_resized\Turtle\52.jpg,2
\datasets\animals\data_resized\Turtle\53.jpg,2
\datasets\animals\data_resized\Turtle\54.jpg,2
\datasets\animals\data_resized\Turtle\55.jpg,2
\datasets\animals\data_resized\Turtle\56.jpg,2
\datasets\animals\data_resized\Turtle\57.jpg,2
\datasets\animals\data_resized\Turtle\58.jpg,2
\datasets\animals\data_resized\Turtle\59.jpg,2
\datasets\animals\data_resized\Turtle\60.jpg,2
\datasets\animals\data_resized\Turtle\61.jpg,2
\datasets\animals\data_resized\Turtle\62.jpg,2
\datasets\animals\data_resized\Turtle\63.jpg,2
\datasets\animals\data_resized\Turtle\64.jpg,2
\datasets\animals\data_resized\Turtle\65.jpg,2
\datasets\animals\data_resized\Turtle\66.jpg,2
\datasets\animals\data_resized\Turtle\67.jpg,2
\datasets\animals\data_resized\Turtle\68.jpg,2
\datasets\animals\data_resized\Turtle\69.jpg,2
\datasets\animals\data_resized\Turtle\70.jpg,2
\datasets\animals\data_resized\Turtle\71.jpg,2
\datasets\animals\data_resized\Turtle\72.jpg,2
\datasets\animals\data_resized\Turtle\73.jpg,2
\datasets\animals\data_resized\Turtle\74.jpg,2
\datasets\animals\data_resized\Turtle\75.jpg,2
\datasets\animals\data_resized\Turtle\76.jpg,2
\datasets\animals\data_resized\Turtle\77.jpg,2
\datasets\animals\data_resized\Turtle\78.jpg,2
\datasets\animals\data_resized\Turtle\79.jpg,2
\datasets\animals\data_resized\Turtle\80.jpg,2
\datasets\animals\data_resized\Turtle\81.jpg,2
\datasets\animals\data_resized\Turtle\82.jpg,2
\datasets\animals\data_resized\Turtle\83.jpg,2
\datasets\animals\data_resized\Turtle\84.jpg,2
\datasets\animals\data_resized\Turtle\85.jpg,2
\datasets\animals\data_resized\Turtle\86.jpg,2
\datasets\animals\data_resized\Turtle\87.jpg,2
\datasets\animals\data_resized\Turtle\88.jpg,2
\datasets\animals\data_resized\Turtle\89.jpg,2
\datasets\animals\data_resized\Turtle\90.jpg,2
\datasets\animals\data_resized\Turtle\91.jpg,2
\datasets\animals\data_resized\Turtle\92.jpg,2
\datasets\animals\data_resized\Turtle\93.jpg,2
\datasets\animals\data_resized\Turtle\94.jpg,2
\datasets\animals\data_resized\Turtle\95.jpg,2
\datasets\animals\data_resized\Turtle\96.jpg,2
\datasets\animals\data_resized\Turtle\97.jpg,2
\datasets\animals\data_resized\Turtle\98.jpg,2
\datasets\animals\data_resized\Turtle\99.jpg,2
\datasets\animals\data_resized\Turtle\100.jpg,2
\datasets\animals\data_resized\Turtle\101.jpg,2
\datasets\animals\data_resized\Turtle\102.jpg,2
\datasets\animals\data_resized\Turtle\103.jpg,2
\datasets\animals\data_resized\Turtle\104.jpg,2
\datasets\animals\data_resized\Turtle\105.jpg,2
\datasets\animals\data_resized\Turtle\106.jpg,2
\datasets\animals\data_resized\Turtle\107.jpg,2
\datasets\animals\data_resized\Turtle\108.jpg,2
\datasets\animals\data_resized\Turtle\109.jpg,2
\datasets\animals\data_resized\Turtle\110.jpg,2
\datasets\animals\data_resized\Turtle\111.jpg,2
\datasets\animals\data_resized\Turtle\112.jpg,2
\datasets\animals\data_resized\Turtle\113.jpg,2
\datasets\animals\data_resized\Turtle\114.jpg,2
\datasets\animals\data_resized\Turtle\115.jpg,2
\datasets\animals\data_resized\Turtle\116.jpg,2
\datasets\animals\data_resized\Turtle\117.jpg,2
\datasets\animals\data_resized\Turtle\118.jpg,2
\datasets\animals\data_resized\Turtle\119.jpg,2
\datasets\animals\data_resized\Turtle\120.jpg,2
\datasets\animals\data_resized\Turtle\121.jpg,2
\datasets\animals\data_resized\Turtle\122.jpg,2
\datasets\animals\data_resized\Turtle\123.jpg,2
\datasets\animals\data_resized\Turtle\124.jpg,2
\datasets\animals\data_resized\Turtle\125.jpg,2
\datasets\animals\data_resized\Turtle\126.jpg,2
\datasets\animals\data_resized\Turtle\127.jpg,2
\datasets\animals\data_resized\Turtle\128.jpg,2
\datasets\animals\data_resized\Turtle\129.jpg,2
\datasets\animals\data_resized\Turtle\130.jpg,2
\datasets\animals\data_resized\Turtle\131.jpg,2
\datasets\animals\data_resized\Turtle\132.jpg,2
\datasets\animals\data_resized\Turtle\133.jpg,2
\datasets\animals\data_resized\Turtle\134.jpg,2
\datasets\animals\data_resized\Turtle\135.jpg,2
\datasets\animals\data_resized\Turtle\136.jpg,2
\datasets\animals\data_resized\Turtle\137.jpg,2
\datasets\animals\data_resized\Turtle\138.jpg,2
\datasets\animals\data_resized\Turtle\139.jpg,2
\datasets\animals\data_resized\Turtle\140.jpg,2
\datasets\animals\data_resized\Turtle\141.jpg,2
\datasets\animals\data_resized\Turtle\142.jpg,2
\datasets\animals\data_resized\Turtle\143.jpg,2
\datasets\animals\data_resized\Turtle\144.jpg,2
\datasets\animals\data_resized\Turtle\145.jpg,2
\datasets\animals\data_resized\Turtle\146.jpg,2
\datasets\animals\data_resized\Turtle\147.jpg,2
\datasets\animals\data_resized\Turtle\148.jpg,2
\datasets\animals\data_resized\Turtle\149.jpg,2
\datasets\animals\data_resized\Turtle\150.jpg,2
\datasets\animals\data_resized\Turtle\151.jpg,2
\datasets\animals\data_resized\Turtle\152.jpg,2
\datasets\animals\data_resized\Turtle\153.jpg,2
\datasets\animals\data_resized\Turtle\154.jpg,2
\datasets\animals\data_resized\Turtle\155.jpg,2
\datasets\animals\data_resized\Turtle\156.jpg,2
\datasets\animals\data_resized\Turtle\157.jpg,2
\datasets\animals\data_resized\Turtle\158.jpg,2
\datasets\animals\data_resized\Turtle\159.jpg,2
\datasets\animals\data_resized\Turtle\160.jpg,2
\datasets\animals\data_resized\Turtle\161.jpg,2
\datasets\animals\data_resized\Turtle\162.jpg,2
\datasets\animals\data_resized\Turtle\163.jpg,2
\datasets\animals\data_resized\Turtle\164.jpg,2
\datasets\animals\data_resized\Turtle\165.jpg,2
\datasets\animals\data_resized\Turtle\166.jpg,2
\datasets\animals\data_resized\Turtle\167.jpg,2
\datasets\animals\data_resized\Turtle\168.jpg,2
\datasets\animals\data_resized\Turtle\169.jpg,2
\datasets\animals\data_resized\Turtle\170.jpg,2
\datasets\animals\data_resized\Turtle\171.jpg,2
\datasets\animals\data_resized\Turtle\172.jpg,2
\datasets\animals\data_resized\Turtle\173.jpg,2
\datasets\animals\data_resized\Turtle\174.jpg,2
\datasets\animals\data_resized\Turtle\175.jpg,2
\datasets\animals\data_resized\Turtle\176.jpg,2
\datasets\animals\data_resized\Turtle\177.jpg,2
\datasets\animals\data_resized\Turtle\178.jpg,2
\datasets\animals\data_resized\Turtle\179.jpg,2
\datasets\animals\data_resized\Turtle\180.jpg,2
\datasets\animals\data_resized\Turtle\181.jpg,2
\datasets\animals\data_resized\Turtle\182.jpg,2
\datasets\animals\data_resized\Turtle\183.jpg,2
\datasets\animals\data_resized\Turtle\184.jpg,2
\datasets\animals\data_resized\Turtle\185.jpg,2
\datasets\animals\data_resized\Turtle\186.jpg,2
\datasets\animals\data_resized\Turtle\187.jpg,2
\datasets\animals\data_resized\Turtle\188.jpg,2
\datasets\animals\data_resized\Turtle\189.jpg,2
\datasets\animals\data_resized\Turtle\190.jpg,2
\datasets\animals\data_resized\Turtle\191.jpg,2
\datasets\animals\data_resized\Turtle\192.jpg,2
\datasets\animals\data_resized\Turtle\193.jpg,2
\datasets\animals\data_resized\Turtle\194.jpg,2
\datasets\animals\data_resized\Turtle\195.jpg,2
\datasets\animals\data_resized\Turtle\196.jpg,2
\datasets\animals\data_resized\Turtle\197.jpg,2
\datasets\animals\data_resized\Turtle\198.jpg,2
\datasets\animals\data_resized\Turtle\199.jpg,2
\datasets\animals\data_resized\Turtle\200.jpg,2
\datasets\animals\data_resized\Turtle\201.jpg,2
\datasets\animals\data_resized\Turtle\202.jpg,2
\datasets\animals\data_resized\Turtle\203.jpg,2
\datasets\animals\data_resized\Turtle\204.jpg,2
\datasets\animals\data_resized\Turtle\205.jpg,2
\datasets\animals\data_resized\Turtle\206.jpg,2
\datasets\animals\data_resized\Turtle\207.jpg,2
\datasets\animals\data_resized\Turtle\208.jpg,2
\datasets\animals\data_resized\Turtle\209.jpg,2
\datasets\animals\data_resized\Turtle\210.jpg,2
\datasets\animals\data_resized\Turtle\211.jpg,2
\datasets\animals\data_resized\Turtle\212.jpg,2
\datasets\animals\data_resized\Turtle\213.jpg,2
\datasets\animals\data_resized\Turtle\214.jpg,2
\datasets\animals\data_resized\Turtle\215.jpg,2
\datasets\animals\data_resized\Turtle\216.jpg,2
\datasets\animals\data_resized\Turtle\217.jpg,2
\datasets\animals\data_resized\Turtle\218.jpg,2
\datasets\animals\data_resized\Turtle\219.jpg,2
\datasets\animals\data_resized\Turtle\220.jpg,2
\datasets\animals\data_resized\Turtle\221.jpg,2
\datasets\animals\data_resized\Turtle\222.jpg,2
\datasets\animals\data_resized\Turtle\223.jpg,2
\datasets\animals\data_resized\Turtle\224.jpg,2
\datasets\animals\data_resized\Turtle\225.jpg,2
\datasets\animals\data_resized\Turtle\226.jpg,2
\datasets\animals\data_resized\Turtle\227.jpg,2
\datasets\animals\data_resized\Turtle\228.jpg,2
\datasets\animals\data_resized\Turtle\229.jpg,2
\datasets\animals\data_resized\Turtle\230.jpg,2
\datasets\animals\data_resized\Turtle\231.jpg,2
\datasets\animals\data_resized\Turtle\232.jpg,2
\datasets\animals\data_resized\Turtle\233.jpg,2
\datasets\animals\data_resized\Turtle\234.jpg,2
\datasets\animals\data_resized\Turtle\235.jpg,2
\datasets\animals\data_resized\Turtle\236.jpg,2
\datasets\animals\data_resized\Turtle\237.jpg,2
\datasets\animals\data_resized\Turtle\238.jpg,2
\datasets\animals\data_resized\Turtle\239.jpg,2
\datasets\animals\data_resized\Turtle\240.jpg,2
\datasets\animals\data_resized\Turtle\241.jpg,2
\datasets\animals\data_resized\Turtle\242.jpg,2
\datasets\animals\data_resized\Turtle\243.jpg,2
\datasets\animals\data_resized\Turtle\244.jpg,2
\datasets\animals\data_resized\Turtle\245.jpg,2
\datasets\animals\data_resized\Turtle\246.jpg,2
\datasets\animals\data_resized\Turtle\247.jpg,2
\datasets\animals\data_resized\Turtle\248.jpg,2
\datasets\animals\data_resized\Turtle\249.jpg,2
\datasets\animals\data_resized\Turtle\250.jpg,2
\datasets\animals\data_resized\Turtle\251.jpg,2
\datasets\animals\data_resized\Turtle\252.jpg,2
\datasets\animals\data_resized\Turtle\253.jpg,2
\datasets\animals\data_resized\Turtle\254.jpg,2
\datasets\animals\data_resized\Turtle\255.jpg,2
\datasets\animals\data_resized\Turtle\256.jpg,2
\datasets\animals\data_resized\Turtle\257.jpg,2
\datasets\animals\data_resized\Turtle\258.jpg,2
\datasets\animals\data_resized\Turtle\259.jpg,2
\datasets\animals\data_resized\Turtle\260.jpg,2
\datasets\animals\data_resized\Turtle\261.jpg,2
\datasets\animals\data_resized\Turtle\262.jpg,2
\datasets\animals\data_resized\Turtle\263.jpg,2
\datasets\animals\data_resized\Turtle\264.jpg,2
\datasets\animals\data_resized\Turtle\265.jpg,2
\datasets\animals\data_resized\Turtle\266.jpg,2
\datasets\animals\data_resized\Turtle\267.jpg,2
\datasets\animals\data_resized\Turtle\268.jpg,2
\datasets\animals\data_resized\Turtle\269.jpg,2
\datasets\animals\data_resized\Turtle\270.jpg,2
\datasets\animals\data_resized\Turtle\271.jpg,2
\datasets\animals\data_resized\Turtle\272.jpg,2
\datasets\animals\data_resized\Turtle\273.jpg,2
\datasets\animals\data_resized\Turtle\274.jpg,2
\datasets\animals\data_resized\Turtle\275.jpg,2
\datasets\animals\data_resized\Turtle\276.jpg,2
\datasets\animals\data_resized\Turtle\277.jpg,2
\datasets\animals\data_resized\Turtle\278.jpg,2
\datasets\animals\data_resized\Turtle\279.jpg,2
\datasets\animals\data_resized\Turtle\280.jpg,2
\datasets\animals\data_resized\Turtle\281.jpg,2
\datasets\animals\data_resized\Turtle\282.jpg,2
\datasets\animals\data_resized\Turtle\283.jpg,2
\datasets\animals\data_resized\Turtle\284.jpg,2
\datasets\animals\data_resized\Turtle\285.jpg,2
\datasets\animals\data_resized\Turtle\286.jpg,2
\datasets\animals\data_resized\Turtle\287.jpg,2
\datasets\animals\data_resized\Turtle\288.jpg,2
\datasets\animals\data_resized\Turtle\289.jpg,2
\datasets\animals\data_resized\Turtle\290.jpg,2
\datasets\animals\data_resized\Turtle\291.jpg,2
\datasets\animals\data_resized\Turtle\292.jpg,2
\datasets\animals\data_resized\Turtle\293.jpg,2
\datasets\animals\data_resized\Turtle\294.jpg,2
\datasets\animals\data_resized\Turtle\295.jpg,2
\datasets\animals\data_resized\Turtle\296.jpg,2
\datasets\animals\data_resized\Turtle\297.jpg,2
\datasets\animals\data_resized\Turtle\298.jpg,2
\datasets\animals\data_resized\Turtle\299.jpg,2
\datasets\animals\data_resized\Turtle\300.jpg,2
\datasets\animals\data_resized\Turtle\301.jpg,2
\datasets\animals\data_resized\Turtle\302.jpg,2
\datasets\animals\data_resized\Turtle\303.jpg,2
\datasets\animals\data_resized\Turtle\304.jpg,2
\datasets\animals\data_resized\Turtle\305.jpg,2
\datasets\animals\data_resized\Turtle\306.jpg,2
\datasets\animals\data_resized\Turtle\307.jpg,2
\datasets\animals\data_resized\Turtle\308.jpg,2
\datasets\animals\data_resized\Turtle\309.jpg,2
\datasets\animals\data_resized\Turtle\310.jpg,2
\datasets\animals\data_resized\Turtle\311.jpg,2
\datasets\animals\data_resized\Turtle\312.jpg,2
\datasets\animals\data_resized\Turtle\313.jpg,2
\datasets\animals\data_resized\Turtle\314.jpg,2
\datasets\animals\data_resized\Turtle\315.jpg,2
\datasets\animals\data_resized\Turtle\316.jpg,2
\datasets\animals\data_resized\Turtle\317.jpg,2
\datasets\animals\data_resized\Turtle\318.jpg,2
\datasets\animals\data_resized\Turtle\319.jpg,2
\datasets\animals\data_resized\Turtle\320.jpg,2
\datasets\animals\data_resized\Turtle\321.jpg,2
\datasets\animals\data_resized\Turtle\322.jpg,2
\datasets\animals\data_resized\Turtle\323.jpg,2
\datasets\animals\data_resized\Turtle\324.jpg,2
\datasets\animals\data_resized\Turtle\325.jpg,2
\datasets\animals\data_resized\Turtle\326.jpg,2
\datasets\animals\data_resized\Turtle\327.jpg,2
\datasets\animals\data_resized\Turtle\328.jpg,2
\datasets\animals\data_resized\Turtle\329.jpg,2
\datasets\animals\data_resized\Turtle\330.jpg,2
\datasets\animals\data_resized\Turtle\331.jpg,2
\datasets\animals\data_resized\Turtle\332.jpg,2
\datasets\animals\data_resized\Turtle\333.jpg,2
\datasets\animals\data_resized\Turtle\334.jpg,2
\datasets\animals\data_resized\Turtle\335.jpg,2
\datasets\animals\data_resized\Turtle\336.jpg,2
\datasets\animals\data_resized\Turtle\337.jpg,2
\datasets\animals\data_resized\Turtle\338.jpg,2
\datasets\animals\data_resized\Turtle\339.jpg,2
\datasets\animals\data_resized\Turtle\340.jpg,2
\datasets\animals\data_resized\Turtle\341.jpg,2
\datasets\animals\data_resized\Turtle\342.jpg,2
\datasets\animals\data_resized\Turtle\343.jpg,2
\datasets\animals\data_resized\Turtle\344.jpg,2
\datasets\animals\data_resized\Turtle\345.jpg,2
\datasets\animals\data_resized\Turtle\346.jpg,2
\datasets\animals\data_resized\Turtle\347.jpg,2
\datasets\animals\data_resized\Turtle\348.jpg,2
\datasets\animals\data_resized\Turtle\349.jpg,2
\datasets\animals\data_resized\Turtle\350.jpg,2
\datasets\animals\data_resized\Turtle\351.jpg,2
\datasets\animals\data_resized\Turtle\352.jpg,2
\datasets\animals\data_resized\Turtle\353.jpg,2
\datasets\animals\data_resized\Turtle\354.jpg,2
\datasets\animals\data_resized\Turtle\355.jpg,2
\datasets\animals\data_resized\Turtle\356.jpg,2
\datasets\animals\data_resized\Turtle\357.jpg,2
\datasets\animals\data_resized\Turtle\358.jpg,2
\datasets\animals\data_resized\Turtle\359.jpg,2
\datasets\animals\data_resized\Turtle\360.jpg,2
\datasets\animals\data_resized\Turtle\361.jpg,2
\datasets\animals\data_resized\Turtle\362.jpg,2
\datasets\animals\data_resized\Turtle\363.jpg,2
\datasets\animals\data_resized\Turtle\364.jpg,2
\datasets\animals\data_resized\Turtle\365.jpg,2
\datasets\animals\data_resized\Turtle\366.jpg,2
\datasets\animals\data_resized\Turtle\367.jpg,2
\datasets\animals\data_resized\Turtle\368.jpg,2
\datasets\animals\data_resized\Turtle\369.jpg,2
\datasets\animals\data_resized\Turtle\370.jpg,2
\datasets\animals\data_resized\Turtle\371.jpg,2
\datasets\animals\data_resized\Turtle\372.jpg,2
\datasets\animals\data_resized\Turtle\373.jpg,2
\datasets\animals\data_resized\Turtle\374.jpg,2
\datasets\animals\data_resized\Turtle\375.jpg,2
\datasets\animals\data_resized\Turtle\376.jpg,2
\datasets\animals\data_resized\Turtle\377.jpg,2
\datasets\animals\data_resized\Turtle\378.jpg,2
\datasets\animals\data_resized\Turtle\379.jpg,2
\datasets\animals\data_resized\Turtle\380.jpg,2
\datasets\animals\data_resized\Turtle\381.jpg,2
\datasets\animals\data_resized\Turtle\382.jpg,2
\datasets\animals\data_resized\Turtle\383.jpg,2
\datasets\animals\data_resized\Turtle\384.jpg,2
\datasets\animals\data_resized\Turtle\385.jpg,2
\datasets\animals\data_resized\Turtle\386.jpg,2
\datasets\animals\data_resized\Turtle\387.jpg,2
\datasets\animals\data_resized\Turtle\388.jpg,2
\datasets\animals\data_resized\Turtle\389.jpg,2
\datasets\animals\data_resized\Turtle\390.jpg,2
\datasets\animals\data_resized\Turtle\391.jpg,2
\datasets\animals\data_resized\Turtle\392.jpg,2
\datasets\animals\data_resized\Turtle\393.jpg,2
\datasets\animals\data_resized\Turtle\394.jpg,2
\datasets\animals\data_resized\Turtle\395.jpg,2
\datasets\animals\data_resized\Turtle\396.jpg,2
\datasets\animals\data_resized\Turtle\397.jpg,2
\datasets\animals\data_resized\Turtle\398.jpg,2
\datasets\animals\data_resized\Turtle\399.jpg,2
\datasets\animals\data_resized\Turtle\400.jpg,2
\datasets\animals\data_resized\Turtle\401.jpg,2
\datasets\animals\data_resized\Turtle\402.jpg,2
\datasets\animals\data_resized\Turtle\403.jpg,2
\datasets\animals\data_resized\Turtle\404.jpg,2
\datasets\animals\data_resized\Turtle\405.jpg,2
\datasets\animals\data_resized\Turtle\406.jpg,2
\datasets\animals\data_resized\Turtle\407.jpg,2
\datasets\animals\data_resized\Turtle\408.jpg,2
\datasets\animals\data_resized\Turtle\409.jpg,2
\datasets\animals\data_resized\Turtle\410.jpg,2
\datasets\animals\data_resized\Turtle\411.jpg,2
\datasets\animals\data_resized\Turtle\412.jpg,2
\datasets\animals\data_resized\Turtle\413.jpg,2
\datasets\animals\data_resized\Turtle\414.jpg,2
\datasets\animals\data_resized\Turtle\415.jpg,2
\datasets\animals\data_resized\Turtle\416.jpg,2
\datasets\animals\data_resized\Turtle\417.jpg,2
\datasets\animals\data_resized\Turtle\418.jpg,2
\datasets\animals\data_resized\Turtle\419.jpg,2
\datasets\animals\data_resized\Turtle\420.jpg,2
\datasets\animals\data_resized\Turtle\421.jpg,2
\datasets\animals\data_resized\Turtle\422.jpg,2
\datasets\animals\data_resized\Turtle\423.jpg,2
\datasets\animals\data_resized\Turtle\424.jpg,2
\datasets\animals\data_resized\Turtle\425.jpg,2
\datasets\animals\data_resized\Turtle\426.jpg,2
\datasets\animals\data_resized\Turtle\427.jpg,2
\datasets\animals\data_resized\Turtle\428.jpg,2
\datasets\animals\data_resized\Turtle\429.jpg,2
\datasets\animals\data_resized\Turtle\430.jpg,2
\datasets\animals\data_resized\Turtle\431.jpg,2
\datasets\animals\data_resized\Turtle\432.jpg,2
\datasets\animals\data_resized\Turtle\433.jpg,2
\datasets\animals\data_resized\Turtle\434.jpg,2
\datasets\animals\data_resized\Turtle\435.jpg,2
\datasets\animals\data_resized\Turtle\436.jpg,2
\datasets\animals\data_resized\Turtle\437.jpg,2
\datasets\animals\data_resized\Turtle\438.jpg,2
\datasets\animals\data_resized\Turtle\439.jpg,2
\datasets\animals\data_resized\Turtle\440.jpg,2
\datasets\animals\data_resized\Turtle\441.jpg,2
\datasets\animals\data_resized\Turtle\442.jpg,2
\datasets\animals\data_resized\Turtle\443.jpg,2
\datasets\animals\data_resized\Turtle\444.jpg,2
\datasets\animals\data_resized\Turtle\445.jpg,2
\datasets\animals\data_resized\Turtle\446.jpg,2
\datasets\animals\data_resized\Turtle\447.jpg,2
\datasets\animals\data_resized\Turtle\448.jpg,2
\datasets\animals\data_resized\Turtle\449.jpg,2
\datasets\animals\data_resized\Turtle\450.jpg,2
\datasets\animals\data_resized\Turtle\451.jpg,2
\datasets\animals\data_resized\Turtle\452.jpg,2
\datasets\animals\data_resized\Turtle\453.jpg,2
\datasets\animals\data_resized\Turtle\454.jpg,2
\datasets\animals\data_resized\Turtle\455.jpg,2
\datasets\animals\data_resized\Turtle\456.jpg,2
\datasets\animals\data_resized\Turtle\457.jpg,2
\datasets\animals\data_resized\Turtle\458.jpg,2
\datasets\animals\data_resized\Turtle\459.jpg,2
\datasets\animals\data_resized\Turtle\460.jpg,2
\datasets\animals\data_resized\Turtle\461.jpg,2
\datasets\animals\data_resized\Turtle\462.jpg,2
\datasets\animals\data_resized\Turtle\463.jpg,2
\datasets\animals\data_resized\Turtle\464.jpg,2
\datasets\animals\data_resized\Turtle\465.jpg,2
\datasets\animals\data_resized\Turtle\466.jpg,2
\datasets\animals\data_resized\Turtle\467.jpg,2
\datasets\animals\data_resized\Turtle\468.jpg,2
\datasets\animals\data_resized\Turtle\469.jpg,2
\datasets\animals\data_resized\Turtle\470.jpg,2
\datasets\animals\data_resized\Turtle\471.jpg,2
\datasets\animals\data_resized\Turtle\472.jpg,2
\datasets\animals\data_resized\Turtle\473.jpg,2
\datasets\animals\data_resized\Turtle\474.jpg,2
\datasets\animals\data_resized\Turtle\475.jpg,2
\datasets\animals\data_resized\Turtle\476.jpg,2
\datasets\animals\data_resized\Turtle\477.jpg,2
\datasets\animals\data_resized\Turtle\478.jpg,2
\datasets\animals\data_resized\Turtle\479.jpg,2
\datasets\animals\data_resized\Turtle\480.jpg,2
\datasets\animals\data_resized\Turtle\481.jpg,2
\datasets\animals\data_resized\Turtle\482.jpg,2
\datasets\animals\data_resized\Turtle\483.jpg,2
\datasets\animals\data_resized\Turtle\484.jpg,2
\datasets\animals\data_resized\Turtle\485.jpg,2
\datasets\animals\data_resized\Turtle\486.jpg,2
\datasets\animals\data_resized\Turtle\487.jpg,2
\datasets\animals\data_resized\Turtle\488.jpg,2
\datasets\animals\data_resized\Turtle\489.jpg,2
\datasets\animals\data_resized\Turtle\490.jpg,2
\datasets\animals\data_resized\Turtle\491.jpg,2
\datasets\animals\data_resized\Turtle\492.jpg,2
\datasets\animals\data_resized\Turtle\493.jpg,2
\datasets\animals\data_resized\Turtle\494.jpg,2
\datasets\animals\data_resized\Turtle\495.jpg,2
\datasets\animals\data_resized\Turtle\496.jpg,2
\datasets\animals\data_resized\Turtle\497.jpg,2
\datasets\animals\data_resized\Turtle\498.jpg,2
\datasets\animals\data_resized\Turtle\499.jpg,2
\datasets\animals\data_resized\Turtle\500.jpg,2
\datasets\animals\data_resized\Turtle\501.jpg,2
\datasets\animals\data_resized\Turtle\502.jpg,2
\datasets\animals\data_resized\Turtle\503.jpg,2
\datasets\animals\data_resized\Turtle\504.jpg,2
\datasets\animals\data_resized\Turtle\505.jpg,2
\datasets\animals\data_resized\Turtle\506.jpg,2
\datasets\animals\data_resized\Turtle\507.jpg,2
